Server Time,Server FPS,RAM [MB],out [Kbps],in [Kbps],Non-G Messages,Guaranteed Messages,BE-NG,BE-G,Player Count
21:40:34,92,2206,5861,390,0,0,0,0,42
21:40:39,92,2207,6093,393,0,0,0,0,42
21:40:44,93,2205,5283,355,0,0,0,0,42
21:40:49,94,2207,5317,364,0,2952,0,0,42
21:40:54,95,2206,5004,355,0,0,0,0,42
21:40:59,93,2207,5240,366,0,0,0,0,42
21:41:04,95,2208,5040,350,0,0,0,0,42
21:41:09,97,2208,5492,334,0,0,0,0,42
21:41:14,97,2208,4843,342,0,0,0,0,42
21:41:19,95,2205,5105,356,0,0,0,0,42
21:41:24,94,2209,5522,367,0,0,0,0,42
21:41:29,95,2205,5241,309,0,0,0,0,42
21:41:34,96,2207,4155,319,0,0,0,0,42
21:41:39,96,2208,4466,396,0,0,0,0,42
21:41:44,96,2208,4869,365,0,1386,0,0,42
21:41:49,95,2206,4154,350,0,0,0,0,42
21:41:54,93,2215,5427,382,0,20746,0,0,42
21:41:59,82,2220,11873,470,0,2747,0,0,42
21:42:04,91,2220,4783,418,0,0,0,0,42
21:42:09,93,2218,4562,356,0,3526,0,0,42
21:42:14,91,2224,7029,359,0,0,0,0,42
21:42:19,91,2224,5451,361,0,0,0,0,42
21:42:24,91,2224,7590,377,0,0,0,0,42
21:42:29,90,2223,5471,382,0,0,0,0,42
21:42:34,92,2226,5445,409,0,0,0,0,42
21:42:39,91,2224,5279,425,0,0,0,0,42
21:42:44,92,2226,5339,422,0,0,0,0,42
21:42:49,91,2223,5395,407,0,0,0,0,42
21:42:54,91,2225,5704,405,0,2665,0,0,42
21:43:00,91,2224,5598,389,0,0,0,0,42
21:43:05,88,2226,6780,463,0,2747,0,0,42
21:43:10,90,2225,5333,418,0,3854,0,0,42
21:43:15,90,2226,6640,424,0,2706,0,0,42
21:43:20,89,2227,5376,402,0,0,0,0,42
21:43:25,90,2225,5097,391,0,2706,0,0,42
21:43:30,90,2229,7105,388,0,0,0,0,42
21:43:35,90,2229,4904,386,0,0,0,0,42
21:43:40,92,2227,5023,424,0,11,0,0,42
21:43:45,91,2226,4842,407,0,0,0,0,42
21:43:50,92,2229,3955,374,0,2706,0,0,42
21:43:55,92,2227,4380,379,0,0,0,0,42
21:44:00,91,2230,4209,388,0,0,0,0,42
21:44:05,91,2234,5233,366,0,3034,0,0,42
21:44:10,90,2234,5834,374,0,0,0,0,42
21:44:15,90,2230,4230,378,0,2706,0,0,42
21:44:20,90,2230,4990,408,0,0,0,0,42
21:44:25,90,2230,5107,372,0,0,0,0,42
21:44:30,91,2226,5095,386,0,0,0,0,42
21:44:35,92,2228,4309,376,0,2665,0,0,42
21:44:40,91,2225,4953,420,0,0,0,0,42
21:44:45,92,2226,4089,353,0,0,0,0,42
21:44:50,91,2229,5115,380,0,2624,0,0,42
21:44:55,92,2226,4354,344,0,0,0,0,42
21:45:00,91,2227,4573,376,0,0,0,0,42
21:45:05,87,2232,5461,396,0,0,0,0,42
21:45:10,88,2229,5382,402,0,0,0,0,42
21:45:16,85,2229,6089,425,0,0,0,0,42
21:45:21,81,2233,6439,452,168592,2665,0,0,42
21:45:26,78,2233,7637,445,0,0,0,0,42
21:45:31,86,2233,5749,411,0,0,0,0,42
21:45:36,84,2232,5203,407,0,0,0,0,42
21:45:41,63,2244,12869,587,0,0,0,0,42
21:45:46,76,2244,7833,467,0,2952,0,0,42
21:45:51,83,2243,5433,405,0,2706,0,0,42
21:45:56,85,2246,6424,400,0,0,0,0,42
21:46:01,89,2245,4343,363,0,0,0,0,42
21:46:06,88,2247,4285,376,0,0,0,0,42
21:46:11,87,2245,7063,386,0,3813,0,0,42
21:46:16,89,2245,7493,378,0,0,0,0,42
21:46:21,88,2244,5162,388,0,0,0,0,42
21:46:26,90,2240,4888,367,0,0,0,0,42
21:46:31,88,2242,7284,439,0,0,0,0,42
21:46:36,91,2246,6239,374,0,5585,0,0,42
21:46:41,88,2245,7052,464,0,0,0,0,42
21:46:46,88,2244,6496,497,0,2706,0,0,42
21:46:51,88,2243,6296,503,0,0,0,0,42
21:46:56,89,2244,5590,475,0,0,0,0,42
21:47:01,87,2244,6793,490,0,0,0,0,42
21:47:06,86,2244,5813,431,0,2640,0,0,41
21:47:11,87,2245,5576,431,0,0,0,0,41
21:47:16,88,2242,5941,454,0,0,0,0,41
21:47:21,87,2243,5483,451,0,0,0,0,41
21:47:27,88,2244,5917,486,0,0,0,0,41
21:47:32,88,2245,5768,449,0,0,0,0,41
21:47:37,87,2246,5805,456,0,0,0,0,41
21:47:42,87,2245,5956,478,0,0,0,0,41
21:47:47,88,2245,5705,437,0,0,0,0,41
21:47:52,90,2246,5148,422,0,0,0,0,41
21:47:57,88,2249,7334,467,0,0,0,0,41
21:48:02,88,2249,5744,439,0,0,0,0,41
21:48:07,90,2251,4866,401,0,0,0,0,41
21:48:12,89,2251,5768,425,0,0,0,0,41
21:48:17,90,2249,5246,402,0,0,0,0,41
21:48:22,91,2248,4868,407,0,0,0,0,41
21:48:27,89,2249,5100,418,0,0,0,0,41
21:48:32,91,2251,4734,397,0,2960,0,0,41
21:48:37,91,2251,4304,388,0,0,0,0,41
21:48:42,91,2251,4791,433,0,0,0,0,41
21:48:47,91,2252,5654,429,0,2560,0,0,41
21:48:52,90,2254,4337,373,0,0,0,0,41
21:48:57,87,2255,6555,437,0,0,0,0,41
21:49:02,90,2253,5717,443,0,0,0,0,41
21:49:07,91,2256,4182,380,0,2640,0,0,41
21:49:12,92,2255,4145,376,0,0,0,0,41
21:49:17,89,2259,5708,419,0,0,0,0,41
21:49:22,87,2263,6819,434,0,0,0,0,41
21:49:27,84,2264,9836,478,0,0,0,0,41
21:49:32,90,2263,4785,407,0,0,0,0,41
21:49:38,90,2264,4701,391,0,0,0,0,41
21:49:43,91,2263,3935,370,0,0,0,0,41
21:49:48,88,2269,7070,364,0,0,0,0,41
21:49:53,92,2267,4601,312,0,0,0,0,41
21:49:58,93,2265,4652,312,0,0,0,0,41
21:50:03,94,2266,2793,310,0,0,0,0,41
21:50:08,92,2265,6149,320,0,5714,0,0,41
21:50:13,94,2264,3541,324,0,0,0,0,41
21:50:18,94,2265,2811,335,0,0,0,0,41
21:50:23,91,2264,6171,375,0,0,0,0,41
21:50:28,92,2264,5459,419,0,0,0,0,41
21:50:33,92,2263,4890,397,0,2080,0,0,41
21:50:38,92,2265,4750,380,0,0,0,0,41
21:50:43,94,2264,4350,374,0,0,0,0,41
21:50:48,93,2264,3727,346,0,0,0,0,41
21:50:53,95,2263,2874,307,0,2560,0,0,41
21:50:58,92,2264,6230,341,0,2680,0,0,41
21:51:03,87,2263,9901,420,0,2640,0,0,41
21:51:08,88,2259,8157,386,0,0,0,0,41
21:51:13,90,2256,6941,374,0,0,0,0,41
21:51:18,88,2257,6344,390,0,2640,0,0,41
21:51:23,88,2256,5817,367,0,0,0,0,41
21:51:28,79,2256,7378,391,37440,0,0,0,41
21:51:33,66,2261,11368,468,0,0,0,0,41
21:51:38,55,2264,12865,518,108160,0,0,0,41
21:51:43,53,2267,11348,507,0,2640,0,0,41
21:51:48,60,2265,11241,488,83200,5280,0,0,41
21:51:53,58,2267,10864,483,76960,8560,0,0,41
21:51:59,81,2264,6398,365,0,480,0,0,41
21:52:04,95,2263,3797,312,0,0,0,0,41
21:52:09,93,2254,3601,292,0,0,0,0,39
21:52:14,97,2255,4569,294,0,0,0,0,39
21:52:19,95,2257,3426,285,0,0,0,0,40
21:52:24,95,2256,3614,318,0,0,0,0,40
21:52:29,94,2257,3794,290,0,0,0,0,41
21:52:34,97,2255,4458,296,0,0,0,0,41
21:52:39,96,2255,3207,293,0,0,0,0,40
21:52:44,97,2254,2696,281,0,0,0,0,40
21:52:49,97,2252,3295,293,0,0,0,0,40
21:52:54,96,2248,4584,287,0,429,0,0,40
21:52:59,96,2250,5430,277,0,11,0,0,40
21:53:04,98,2251,3155,263,0,2585,0,0,40
21:53:09,97,2252,3317,253,0,429,0,0,40
21:53:14,98,2253,3369,239,0,2574,0,0,40
21:53:19,98,2253,3913,263,0,0,0,0,40
21:53:24,98,2253,3835,261,0,0,0,0,40
21:53:29,97,2252,3281,244,0,0,0,0,40
21:53:34,98,2252,3479,265,0,11,0,0,40
21:53:39,95,2253,5340,299,0,0,0,0,40
21:53:44,72,2255,6337,260,0,0,0,0,40
21:53:49,95,2257,2841,259,0,2574,0,0,40
21:53:54,96,2255,2482,236,0,0,0,0,40
21:53:59,96,2255,2340,221,0,8724,0,0,40
21:54:04,89,2260,3558,273,0,0,0,0,40
21:54:09,72,2255,5703,268,0,0,0,0,40
21:54:14,51,2257,8407,233,0,2508,0,0,39
21:54:19,94,2256,3149,257,0,0,0,0,39
21:54:24,97,2256,2455,238,0,0,0,0,39
21:54:29,98,2255,2571,233,0,0,0,0,39
21:54:34,97,2250,2555,223,0,0,0,0,38
21:54:40,94,2251,3586,265,0,0,0,0,38
21:54:45,84,2256,4440,266,0,4921,0,0,38
21:54:50,88,2253,3732,269,0,0,0,0,39
21:54:55,98,2248,3817,268,0,0,0,0,39
21:55:00,91,2248,4421,273,0,0,0,0,39
21:55:05,88,2246,4468,275,0,0,0,0,39
21:55:10,95,2245,3568,272,0,2442,0,0,39
21:55:15,96,2251,4685,288,0,0,0,0,39
21:55:20,98,2250,3197,259,0,0,0,0,39
21:55:25,94,2250,4187,272,0,0,0,0,38
21:55:30,93,2249,3786,279,0,0,0,0,38
21:55:35,94,2250,3995,277,0,0,0,0,38
21:55:40,98,2249,3860,283,0,3441,0,0,38
21:55:45,99,2249,3670,274,0,0,0,0,38
21:55:50,99,2250,3576,281,0,0,0,0,38
21:55:55,98,2249,3877,272,0,0,0,0,38
21:56:00,99,2250,2588,236,0,2442,0,0,38
21:56:05,97,2252,3607,245,0,0,0,0,38
21:56:10,97,2253,3908,280,0,8,0,0,38
21:56:15,96,2250,4813,291,0,2376,0,0,37
21:56:20,95,2250,4229,339,0,0,0,0,37
21:56:25,96,2251,5422,407,0,7308,0,0,37
21:56:30,95,2250,4313,444,0,0,0,0,37
21:56:35,94,2252,3982,387,0,0,0,0,37
21:56:40,95,2252,3638,322,0,0,0,0,37
21:56:45,97,2251,3021,286,0,0,0,0,37
21:56:50,95,2250,3973,327,0,2310,0,0,36
21:56:55,96,2250,3630,292,0,0,0,0,36
21:57:00,98,2249,3097,299,0,2345,0,0,36
21:57:05,98,2248,3246,298,0,0,0,0,36
21:57:10,97,2247,3483,292,0,4130,0,0,36
21:57:15,96,2247,3946,318,0,0,0,0,36
21:57:20,95,2247,6556,347,0,0,0,0,36
21:57:25,94,2248,7384,395,0,385,0,0,36
21:57:31,95,2247,6869,342,0,0,0,0,36
21:57:36,96,2241,6702,382,0,40,0,0,35
21:57:41,100,2241,4990,341,0,0,0,0,35
21:57:46,99,2241,4450,347,0,2210,0,0,35
21:57:51,99,2240,5418,386,0,0,0,0,35
21:57:56,99,2238,6014,398,0,0,0,0,35
21:58:01,97,2242,6167,415,0,21,0,0,35
21:58:06,97,2240,6111,381,0,9250,0,0,35
21:58:11,99,2238,4875,346,0,0,0,0,34
21:58:16,99,2237,6590,357,0,0,0,0,34
21:58:21,101,2235,5020,341,0,11,0,0,35
21:58:26,106,2234,3930,303,0,0,0,0,35
21:58:31,106,2234,3700,313,0,2002,0,0,35
21:58:36,105,2235,3758,339,0,0,0,0,35
21:58:41,105,2236,3475,329,0,0,0,0,35
21:58:46,104,2239,3973,339,0,0,0,0,35
21:58:51,105,2237,4434,350,0,0,0,0,35
21:58:56,106,2238,4173,348,0,0,0,0,35
21:59:01,105,2236,3848,337,0,2904,0,0,34
21:59:06,103,2236,3998,317,0,0,0,0,34
21:59:11,103,2236,3519,325,0,1716,0,0,34
21:59:16,103,2242,3649,332,0,0,0,0,34
21:59:21,105,2239,5133,319,0,0,0,0,34
21:59:26,105,2237,3891,324,0,2178,0,0,34
21:59:31,106,2238,3481,320,0,0,0,0,34
21:59:36,105,2241,3197,317,0,0,0,0,34
21:59:41,105,2241,3360,324,0,144,0,0,34
21:59:46,104,2241,2947,277,0,0,0,0,34
21:59:51,104,2242,3589,301,0,0,0,0,34
21:59:56,103,2243,3443,313,0,0,0,0,34
22:00:01,106,2242,3630,302,0,0,0,0,34
22:00:07,107,2243,3799,316,0,0,0,0,34
22:00:12,103,2242,5374,351,0,2145,0,0,34
22:00:17,76,2245,7974,335,0,0,0,0,34
22:00:22,101,2245,4035,319,0,0,0,0,34
22:00:27,103,2243,3211,308,0,11,0,0,34
22:00:32,100,2243,4116,338,0,1716,0,0,34
22:00:37,102,2242,3044,289,0,0,0,0,34
22:00:42,105,2242,3347,288,0,2145,0,0,34
22:00:47,103,2243,3017,283,0,272,0,0,34
22:00:52,103,2245,3983,329,0,0,0,0,34
22:00:57,102,2244,4291,339,0,0,0,0,34
22:01:02,103,2245,4595,312,0,0,0,0,34
22:01:07,104,2242,3949,306,0,0,0,0,34
22:01:12,104,2245,3252,291,0,0,0,0,34
22:01:17,105,2245,3278,289,0,0,0,0,34
22:01:22,104,2245,3800,287,0,0,0,0,34
22:01:27,105,2244,3353,288,0,2211,0,0,34
22:01:32,103,2247,3031,284,0,0,0,0,34
22:01:37,103,2244,3454,278,0,231,0,0,34
22:01:42,103,2242,4362,308,0,0,0,0,34
22:01:47,104,2242,3270,282,0,0,0,0,34
22:01:52,103,2243,3233,298,0,0,0,0,34
22:01:57,106,2243,3147,294,0,0,0,0,34
22:02:02,104,2244,3374,289,0,0,0,0,34
22:02:07,104,2243,3407,269,0,2145,0,0,34
22:02:12,104,2244,3656,274,0,2145,0,0,34
22:02:17,107,2244,3131,266,0,3168,0,0,34
22:02:22,107,2245,3238,262,0,0,0,0,34
22:02:27,107,2244,3220,259,0,0,0,0,34
22:02:32,107,2246,2973,254,0,0,0,0,34
22:02:37,106,2244,3220,256,0,0,0,0,34
22:02:43,104,2246,3343,256,0,0,0,0,34
22:02:48,105,2245,2952,253,0,0,0,0,34
22:02:53,105,2247,3289,275,0,0,0,0,34
22:02:58,106,2245,3100,254,0,0,0,0,34
22:03:03,104,2245,3402,263,0,10,0,0,34
22:03:08,105,2246,2880,256,0,0,0,0,34
22:03:13,104,2247,3517,259,0,0,0,0,34
22:03:18,105,2247,3327,262,0,0,0,0,34
22:03:23,104,2250,3400,263,0,0,0,0,34
22:03:28,102,2247,3474,271,0,0,0,0,34
22:03:33,105,2248,3458,273,0,0,0,0,34
22:03:38,102,2250,3250,270,0,0,0,0,34
22:03:43,105,2249,3454,291,0,2211,0,0,34
22:03:48,102,2250,3369,277,0,55,0,0,34
22:03:53,103,2249,3314,272,0,0,0,0,34
22:03:58,106,2249,3176,274,0,0,0,0,34
22:04:03,107,2252,2702,250,0,2178,0,0,34
22:04:08,104,2248,3157,258,0,0,0,0,34
22:04:13,103,2249,2666,241,0,0,0,0,34
22:04:18,103,2249,2878,236,0,0,0,0,34
22:04:23,103,2248,2951,231,0,2178,0,0,34
22:04:28,102,2250,3339,249,0,2178,0,0,34
22:04:33,97,2250,3207,264,0,0,0,0,34
22:04:38,95,2248,2796,232,0,55,0,0,34
22:04:43,97,2250,3322,245,0,0,0,0,34
22:04:48,97,2250,3380,260,0,0,0,0,34
22:04:53,95,2249,3868,277,0,55,0,0,34
22:04:58,97,2249,2946,249,0,0,0,0,34
22:05:03,95,2250,3221,242,0,0,0,0,34
22:05:08,95,2251,3347,255,0,0,0,0,34
22:05:13,96,2250,4185,279,0,0,0,0,34
22:05:18,95,2250,3351,263,0,2145,0,0,34
22:05:23,96,2252,3710,292,0,0,0,0,34
22:05:28,96,2250,3309,266,0,0,0,0,34
22:05:34,92,2254,3528,279,0,0,0,0,34
22:05:39,89,2255,4116,266,0,2211,0,0,34
22:05:44,93,2253,8601,278,0,2211,0,0,34
22:05:49,95,2251,4112,272,0,2211,0,0,34
22:05:54,95,2247,3697,272,0,2211,0,0,34
22:05:59,94,2248,3500,284,0,0,0,0,34
22:06:04,95,2248,3615,287,0,0,0,0,34
22:06:09,95,2250,3703,280,0,0,0,0,34
22:06:14,96,2251,3479,289,0,2145,0,0,34
22:06:19,95,2252,3846,302,0,0,0,0,34
22:06:24,94,2253,3470,294,0,0,0,0,34
22:06:29,95,2253,3411,281,0,0,0,0,34
22:06:34,96,2255,3462,311,0,8052,0,0,34
22:06:39,95,2254,3708,271,0,0,0,0,34
22:06:44,95,2256,3490,272,0,0,0,0,34
22:06:49,96,2254,3531,277,0,0,0,0,34
22:06:54,95,2256,4281,309,0,0,0,0,34
22:06:59,97,2258,3488,275,0,0,0,0,34
22:07:04,102,2256,3967,273,0,0,0,0,34
22:07:09,105,2257,3598,288,0,0,0,0,34
22:07:14,103,2255,4626,312,0,0,0,0,34
22:07:19,104,2258,4054,299,0,2046,0,0,34
22:07:24,108,2257,3602,274,0,0,0,0,34
22:07:29,111,2258,2376,232,0,0,0,0,34
22:07:34,107,2258,2747,248,0,0,0,0,34
22:07:39,108,2257,3133,242,0,0,0,0,34
22:07:44,105,2258,2983,249,0,0,0,0,34
22:07:49,99,2258,2746,251,0,396,0,0,34
22:07:54,102,2258,2861,269,0,0,0,0,34
22:07:59,105,2258,2760,264,0,0,0,0,34
22:08:04,107,2257,2498,241,0,0,0,0,34
22:08:09,104,2259,2841,255,0,0,0,0,34
22:08:14,105,2257,2594,258,0,0,0,0,34
22:08:19,104,2258,3126,247,0,2145,0,0,34
22:08:24,104,2258,2669,239,0,0,0,0,34
22:08:30,104,2259,2697,243,0,2145,0,0,34
22:08:35,105,2261,2527,238,0,0,0,0,34
22:08:40,105,2259,2496,241,0,0,0,0,34
22:08:45,104,2259,2858,249,0,0,0,0,34
22:08:50,105,2260,3197,277,0,0,0,0,34
22:08:55,104,2260,3341,283,0,0,0,0,34
22:09:00,104,2262,3400,277,0,0,0,0,34
22:09:05,105,2262,2705,245,0,0,0,0,34
22:09:10,104,2262,3274,258,0,2178,0,0,34
22:09:15,105,2263,2989,269,0,2178,0,0,34
22:09:20,105,2262,3111,272,0,0,0,0,34
22:09:25,104,2262,3137,259,0,0,0,0,34
22:09:30,106,2265,3335,279,0,0,0,0,34
22:09:35,107,2264,3417,291,0,0,0,0,34
22:09:40,105,2265,3628,298,0,2145,0,0,34
22:09:45,103,2264,3130,264,0,0,0,0,34
22:09:50,104,2264,3330,279,0,0,0,0,34
22:09:55,105,2264,3441,287,0,4389,0,0,34
22:10:00,107,2266,2913,250,0,0,0,0,34
22:10:05,106,2266,3117,267,0,0,0,0,34
22:10:10,106,2266,3408,286,0,0,0,0,34
22:10:15,105,2264,3258,289,0,11,0,0,34
22:10:20,107,2264,3050,275,0,0,0,0,34
22:10:25,106,2264,3033,267,0,2178,0,0,34
22:10:30,106,2266,2627,253,0,0,0,0,34
22:10:35,106,2266,2604,250,0,0,0,0,34
22:10:40,105,2265,2759,240,0,0,0,0,34
22:10:45,106,2267,3021,260,0,0,0,0,34
22:10:50,107,2267,3069,262,0,0,0,0,34
22:10:56,104,2264,3491,259,0,2144,0,0,34
22:11:01,101,2262,2873,262,0,0,0,0,33
22:11:06,102,2264,2726,244,0,0,0,0,33
22:11:11,101,2262,3281,273,0,0,0,0,33
22:11:16,103,2262,2885,266,0,0,0,0,33
22:11:21,102,2264,2732,260,0,0,0,0,33
22:11:26,103,2261,3148,259,0,0,0,0,33
22:11:31,104,2259,2300,219,0,0,0,0,32
22:11:36,105,2261,2497,230,0,0,0,0,32
22:11:41,107,2261,2631,237,0,0,0,0,32
22:11:46,106,2261,2644,223,0,0,0,0,32
22:11:51,103,2263,3175,250,0,0,0,0,32
22:11:56,105,2263,3128,254,0,0,0,0,32
22:12:01,103,2263,3408,237,0,0,0,0,32
22:12:06,103,2261,2917,241,0,0,0,0,32
22:12:11,103,2263,3107,238,0,0,0,0,32
22:12:16,105,2261,2964,238,0,0,0,0,32
22:12:21,106,2263,2705,234,0,2077,0,0,32
22:12:26,105,2261,2628,229,0,0,0,0,32
22:12:31,104,2263,2731,223,0,2046,0,0,32
22:12:36,106,2262,2471,228,0,2046,0,0,32
22:12:41,105,2262,2342,212,0,0,0,0,32
22:12:46,106,2262,2248,213,0,0,0,0,32
22:12:51,105,2263,2625,231,0,2046,0,0,32
22:12:56,106,2265,2646,241,0,0,0,0,32
22:13:01,105,2263,2779,262,0,2046,0,0,32
22:13:06,105,2265,2712,232,0,0,0,0,32
22:13:11,106,2266,2475,240,0,0,0,0,32
22:13:16,101,2263,2965,245,0,20,0,0,32
22:13:22,102,2265,2477,221,0,0,0,0,32
22:13:27,102,2265,2645,235,0,0,0,0,32
22:13:32,102,2266,2987,221,0,1860,0,0,32
22:13:37,100,2265,2972,226,0,2046,0,0,32
22:13:42,100,2264,2808,242,0,0,0,0,32
22:13:47,100,2264,2612,234,0,0,0,0,32
22:13:52,101,2265,2805,236,0,0,0,0,32
22:13:57,102,2263,2648,236,0,0,0,0,32
22:14:02,101,2263,3201,216,0,2046,0,0,32
22:14:07,101,2262,2902,229,0,0,0,0,32
22:14:12,103,2262,2913,232,0,0,0,0,32
22:14:17,103,2263,2960,240,0,0,0,0,32
22:14:22,104,2265,2590,213,0,0,0,0,32
22:14:27,104,2263,2588,233,0,2046,0,0,32
22:14:32,105,2262,2785,196,0,0,0,0,32
22:14:37,104,2262,2448,231,0,0,0,0,32
22:14:42,104,2262,2417,227,0,0,0,0,32
22:14:47,106,2264,2135,206,0,0,0,0,32
22:14:52,105,2262,1934,187,0,0,0,0,32
22:14:57,105,2262,2439,253,0,0,0,0,32
22:15:02,104,2264,2450,241,0,0,0,0,32
22:15:07,103,2264,2857,231,0,0,0,0,32
22:15:12,103,2262,2600,233,0,0,0,0,32
22:15:17,103,2264,2814,245,0,0,0,0,32
22:15:22,104,2261,2619,216,0,0,0,0,32
22:15:27,104,2261,2830,229,0,3937,0,0,32
22:15:32,104,2263,2383,228,0,0,0,0,32
22:15:37,104,2262,2392,237,0,0,0,0,32
22:15:42,103,2263,2629,240,0,0,0,0,32
22:15:47,104,2262,2570,219,0,1860,0,0,32
22:15:53,104,2261,2158,206,0,0,0,0,32
22:15:58,104,2264,2313,222,0,0,0,0,32
22:16:03,104,2263,2263,218,0,0,0,0,32
22:16:08,105,2264,2543,240,0,0,0,0,32
22:16:13,104,2264,2335,212,0,0,0,0,32
22:16:18,104,2262,2136,227,0,0,0,0,32
22:16:23,102,2264,2567,239,0,0,0,0,32
22:16:28,105,2262,2757,246,0,0,0,0,31
22:16:33,106,2262,2761,245,0,0,0,0,31
22:16:38,107,2262,2441,232,0,0,0,0,31
22:16:43,108,2261,2175,225,0,0,0,0,31
22:16:48,108,2261,1918,208,0,0,0,0,31
22:16:53,109,2262,2102,211,0,0,0,0,31
22:16:58,109,2262,1997,201,0,0,0,0,31
22:17:03,108,2263,2347,231,0,0,0,0,31
22:17:08,109,2262,2406,228,0,0,0,0,31
22:17:13,109,2262,2385,230,0,2010,0,0,31
22:17:18,108,2262,2254,212,0,15360,0,0,31
22:17:23,108,2264,2286,220,0,0,0,0,31
22:17:28,111,2266,2000,194,0,0,0,0,31
22:17:33,110,2264,2113,218,0,2850,0,0,31
22:17:38,110,2265,2555,228,0,0,0,0,31
22:17:43,111,2265,2099,211,0,0,0,0,31
22:17:48,111,2267,2263,212,0,0,0,0,31
22:17:53,110,2265,2022,205,0,0,0,0,31
22:17:58,111,2262,2244,227,0,0,0,0,30
22:18:03,108,2263,2137,222,0,0,0,0,30
22:18:08,110,2263,2126,226,0,0,0,0,30
22:18:13,109,2265,2399,230,0,1740,0,0,30
22:18:18,108,2264,2521,251,0,0,0,0,30
22:18:23,111,2265,2622,238,0,0,0,0,30
22:18:29,109,2265,2569,235,0,0,0,0,30
22:18:34,108,2264,2516,235,0,1914,0,0,31
22:18:39,109,2266,3017,231,0,0,0,0,31
22:18:44,110,2264,2603,248,0,0,0,0,30
22:18:49,110,2264,2538,248,0,2755,0,0,30
22:18:54,110,2264,2743,253,0,0,0,0,30
22:18:59,108,2265,2516,251,0,0,0,0,30
22:19:04,109,2264,2357,237,0,0,0,0,30
22:19:09,108,2264,2391,234,0,0,0,0,30
22:19:14,111,2266,2017,223,0,0,0,0,30
22:19:19,110,2265,2581,259,0,0,0,0,30
22:19:24,111,2265,2415,251,0,0,0,0,30
22:19:29,113,2267,3011,279,0,0,0,0,30
22:19:34,114,2266,2831,269,0,0,0,0,30
22:19:39,113,2266,2552,244,0,0,0,0,30
22:19:44,110,2268,3085,295,0,0,0,0,30
22:19:49,112,2268,2931,275,0,0,0,0,30
22:19:54,113,2268,2431,245,0,0,0,0,30
22:19:59,115,2269,2534,257,0,0,0,0,30
22:20:04,112,2268,3257,290,0,0,0,0,30
22:20:09,112,2269,2483,236,0,0,0,0,30
22:20:14,116,2268,2553,236,0,0,0,0,30
22:20:19,113,2269,2698,247,0,0,0,0,30
22:20:24,114,2268,2092,225,0,0,0,0,30
22:20:29,113,2270,2562,252,0,0,0,0,30
22:20:34,112,2270,2980,261,0,0,0,0,30
22:20:39,112,2269,2612,238,0,0,0,0,30
22:20:44,115,2269,2176,226,0,0,0,0,30
22:20:49,114,2269,2750,223,0,0,0,0,30
22:20:54,113,2268,3241,266,0,0,0,0,30
22:20:59,115,2270,2753,258,0,0,0,0,30
22:21:05,113,2271,2852,274,0,9,0,0,30
22:21:10,113,2269,3027,258,0,1885,0,0,30
22:21:15,114,2270,2831,253,0,0,0,0,30
22:21:20,113,2272,2660,263,0,0,0,0,30
22:21:25,114,2272,2362,246,0,0,0,0,30
22:21:30,113,2271,2505,240,0,0,0,0,30
22:21:35,109,2274,3042,278,0,2755,0,0,31
22:21:40,110,2272,3560,265,0,2755,0,0,31
22:21:45,114,2271,3611,279,0,0,0,0,31
22:21:50,113,2273,2882,258,0,1914,0,0,31
22:21:55,112,2271,3341,296,0,20,0,0,31
22:22:00,110,2275,3818,284,0,1800,0,0,31
22:22:05,110,2278,4966,270,0,0,0,0,31
22:22:10,108,2275,6317,251,0,0,0,0,31
22:22:15,112,2273,2484,230,0,0,0,0,31
22:22:20,111,2274,2180,218,0,1980,0,0,31
22:22:25,111,2276,2594,239,0,0,0,0,31
22:22:30,109,2276,2210,221,0,0,0,0,31
22:22:35,108,2279,3847,266,0,0,0,0,31
22:22:40,106,2278,2709,244,0,0,0,0,31
22:22:45,82,2284,6024,252,0,0,0,0,31
22:22:50,109,2282,3450,266,0,0,0,0,31
22:22:55,112,2282,3341,272,0,0,0,0,31
22:23:00,110,2280,3093,242,0,0,0,0,31
22:23:05,110,2281,3027,267,0,1950,0,0,31
22:23:10,110,2280,2853,254,0,0,0,0,31
22:23:15,107,2279,2513,221,0,0,0,0,31
22:23:20,110,2278,2879,221,0,2010,0,0,31
22:23:26,105,2279,3913,256,0,0,0,0,31
22:23:31,110,2280,2938,239,0,0,0,0,31
22:23:36,111,2279,2609,245,0,1800,0,0,31
22:23:41,109,2280,2271,214,0,3900,0,0,31
22:23:46,109,2280,2252,231,0,0,0,0,31
22:23:51,111,2281,2380,228,0,0,0,0,31
22:23:56,111,2279,2061,228,0,2790,0,0,31
22:24:01,112,2275,2175,212,0,1980,0,0,31
22:24:06,112,2275,2424,233,0,0,0,0,31
22:24:11,110,2277,2600,231,0,0,0,0,31
22:24:16,113,2277,2503,206,0,0,0,0,31
22:24:21,109,2278,2014,219,0,0,0,0,31
22:24:26,110,2278,2375,212,0,0,0,0,31
22:24:31,109,2280,2546,230,0,1950,0,0,31
22:24:36,109,2279,2263,216,0,0,0,0,31
22:24:41,109,2279,2902,227,0,0,0,0,31
22:24:46,111,2279,2163,204,0,0,0,0,31
22:24:51,109,2277,2079,210,0,1980,0,0,31
22:24:56,110,2280,2580,212,0,1980,0,0,31
22:25:01,112,2278,2451,224,0,0,0,0,31
22:25:06,110,2278,2716,242,0,0,0,0,31
22:25:11,115,2280,2370,232,0,0,0,0,31
22:25:16,112,2280,2559,249,0,0,0,0,31
22:25:21,111,2280,2804,245,0,0,0,0,31
22:25:26,110,2279,2409,238,0,3960,0,0,31
22:25:31,109,2278,2757,215,0,0,0,0,31
22:25:36,111,2278,2633,245,0,1980,0,0,31
22:25:41,114,2280,2603,228,0,0,0,0,31
22:25:46,110,2278,2695,247,0,0,0,0,31
22:25:52,115,2281,2353,230,0,0,0,0,31
22:25:57,112,2281,2665,246,0,0,0,0,31
22:26:02,111,2280,2742,220,0,1980,0,0,31
22:26:07,112,2280,2641,247,0,0,0,0,31
22:26:12,113,2281,2201,214,0,0,0,0,31
22:26:17,112,2281,2354,219,0,0,0,0,31
22:26:22,111,2281,2684,239,0,0,0,0,31
22:26:27,112,2280,2232,235,0,0,0,0,31
22:26:32,115,2280,2161,212,0,0,0,0,31
22:26:37,114,2281,1937,194,0,0,0,0,31
22:26:42,111,2282,2037,203,0,0,0,0,32
22:26:47,110,2282,2488,217,0,0,0,0,32
22:26:52,111,2282,2707,214,0,0,0,0,32
22:26:57,112,2282,2217,212,0,0,0,0,32
22:27:02,112,2280,1922,196,0,0,0,0,32
22:27:07,111,2280,2011,208,0,1980,0,0,32
22:27:12,110,2282,2665,228,0,0,0,0,32
22:27:17,111,2281,2566,232,0,0,0,0,32
22:27:22,111,2282,2275,209,0,0,0,0,32
22:27:27,110,2280,2679,245,0,0,0,0,32
22:27:32,109,2280,3007,243,0,1980,0,0,32
22:27:37,108,2280,3082,261,0,0,0,0,32
22:27:42,107,2285,3354,229,0,0,0,0,32
22:27:47,110,2286,4267,236,0,0,0,0,32
22:27:52,108,2283,6479,228,0,0,0,0,32
22:27:58,108,2282,7243,246,0,0,0,0,32
22:28:03,112,2283,2719,235,0,0,0,0,32
22:28:08,110,2281,2844,243,0,0,0,0,32
22:28:13,112,2283,2780,232,0,0,0,0,32
22:28:18,109,2283,3664,232,0,0,0,0,32
22:28:23,107,2289,3756,273,0,20,0,0,32
22:28:28,79,2293,5835,244,0,0,0,0,32
22:28:33,107,2288,3297,246,0,0,0,0,32
22:28:38,107,2289,2130,205,0,5022,0,0,32
22:28:43,107,2290,2487,220,0,0,0,0,32
22:28:48,108,2291,2533,225,0,0,0,0,32
22:28:53,108,2285,2689,235,0,1980,0,0,32
22:28:58,103,2288,9008,233,0,0,0,0,32
22:29:03,104,2286,3686,254,0,1410,0,0,32
22:29:08,76,2295,6516,264,0,0,0,0,32
22:29:13,103,2291,3703,261,0,2046,0,0,32
22:29:18,103,2291,3905,276,0,0,0,0,32
22:29:23,105,2290,3333,256,0,2046,0,0,32
22:29:28,105,2290,3293,275,0,4898,0,0,32
22:29:33,105,2291,2899,244,0,0,0,0,32
22:29:38,104,2291,2650,240,0,0,0,0,32
22:29:43,105,2291,2519,221,0,0,0,0,32
22:29:48,104,2291,2793,253,0,0,0,0,32
22:29:53,105,2293,2942,257,0,0,0,0,32
22:29:58,104,2293,2424,242,0,0,0,0,32
22:30:03,104,2294,2878,238,0,0,0,0,32
22:30:08,103,2292,2683,237,0,0,0,0,32
22:30:13,107,2294,2425,221,0,0,0,0,32
22:30:18,106,2292,2676,243,0,0,0,0,32
22:30:23,105,2292,2748,250,0,0,0,0,32
22:30:29,106,2294,2796,252,0,2015,0,0,32
22:30:34,106,2292,2550,238,0,0,0,0,32
22:30:39,106,2293,2460,227,0,0,0,0,32
22:30:44,106,2295,2021,205,0,0,0,0,32
22:30:49,106,2294,1748,193,0,0,0,0,32
22:30:54,106,2296,1935,205,0,0,0,0,32
22:30:59,105,2297,2493,236,0,0,0,0,32
22:31:04,103,2295,2322,214,0,0,0,0,32
22:31:09,104,2294,2031,222,0,0,0,0,32
22:31:14,105,2295,2033,199,0,0,0,0,32
22:31:19,99,2302,4107,268,0,0,0,0,32
22:31:24,103,2301,3165,233,0,2046,0,0,32
22:31:29,103,2300,3024,257,0,0,0,0,32
22:31:34,104,2301,2657,232,0,0,0,0,32
22:31:39,104,2302,2267,221,0,0,0,0,32
22:31:44,104,2301,2493,232,0,0,0,0,32
22:31:49,103,2303,2337,232,0,0,0,0,32
22:31:54,104,2301,2533,227,0,0,0,0,32
22:31:59,104,2301,2179,226,0,0,0,0,32
22:32:04,103,2303,2354,222,0,0,0,0,32
22:32:09,103,2304,2303,227,0,0,0,0,32
22:32:14,103,2305,2565,231,0,2015,0,0,32
22:32:19,103,2304,2790,242,0,0,0,0,32
22:32:24,104,2304,2280,228,0,0,0,0,32
22:32:29,102,2304,2374,221,0,0,0,0,32
22:32:34,104,2305,2389,228,0,0,0,0,32
22:32:39,103,2306,2579,236,0,0,0,0,32
22:32:44,105,2304,1842,198,0,0,0,0,32
22:32:49,102,2306,3311,260,0,0,0,0,32
22:32:54,104,2308,2432,226,0,0,0,0,32
22:32:59,103,2307,2209,215,0,0,0,0,32
22:33:05,103,2307,2205,218,0,0,0,0,32
22:33:10,103,2305,2156,222,0,0,0,0,32
22:33:15,103,2307,2604,226,0,2046,0,0,32
22:33:20,103,2308,2502,235,0,0,0,0,32
22:33:25,103,2308,2231,225,0,0,0,0,32
22:33:30,100,2308,2549,232,0,2077,0,0,32
22:33:35,100,2308,2583,228,0,0,0,0,32
22:33:40,103,2309,2325,238,0,0,0,0,32
22:33:45,101,2309,2417,240,0,0,0,0,32
22:33:50,103,2310,2511,254,0,2046,0,0,32
22:33:55,102,2310,2356,230,0,2046,0,0,32
22:34:00,97,2322,3746,258,0,14818,0,0,32
22:34:05,100,2321,2849,241,0,0,0,0,32
22:34:10,100,2321,2831,265,0,2945,0,0,32
22:34:15,101,2318,2712,249,0,0,0,0,32
22:34:20,101,2319,2546,250,0,0,0,0,32
22:34:25,102,2319,2456,248,0,0,0,0,32
22:34:30,101,2319,2724,272,0,0,0,0,32
22:34:35,101,2320,3074,270,0,18944,0,0,32
22:34:40,102,2319,2809,256,0,2046,0,0,32
22:34:45,101,2321,2618,258,0,0,0,0,32
22:34:50,101,2321,3014,288,0,2945,0,0,32
22:34:55,101,2320,2733,266,0,0,0,0,32
22:35:00,101,2320,2563,254,0,0,0,0,32
22:35:05,101,2320,2698,267,0,0,0,0,32
22:35:10,100,2320,3492,316,0,0,0,0,32
22:35:16,101,2319,2911,256,0,0,0,0,32
22:35:21,102,2319,2718,257,0,3844,0,0,32
22:35:26,102,2321,3258,283,0,2015,0,0,32
22:35:31,102,2319,3358,288,0,0,0,0,32
22:35:36,97,2320,5451,376,0,0,0,0,32
22:35:41,98,2322,3949,314,0,0,0,0,32
22:35:46,97,2318,8670,292,0,0,0,0,32
22:35:51,96,2319,4017,299,0,0,0,0,32
22:35:56,95,2317,3307,278,0,2046,0,0,32
22:36:01,96,2317,3171,280,0,4123,0,0,32
22:36:06,96,2315,3380,280,0,0,0,0,32
22:36:11,92,2318,3237,271,0,90,0,0,32
22:36:16,94,2318,3253,261,0,0,0,0,32
22:36:21,93,2321,3209,275,0,0,0,0,32
22:36:26,94,2319,3347,270,0,0,0,0,32
22:36:31,93,2321,3410,285,0,0,0,0,32
22:36:36,94,2319,3461,294,0,0,0,0,32
22:36:41,94,2315,3273,275,0,0,0,0,32
22:36:46,96,2316,3153,270,0,0,0,0,32
22:36:51,95,2319,3977,305,0,0,0,0,32
22:36:56,96,2317,3475,278,0,1860,0,0,32
22:37:01,94,2317,3870,287,0,0,0,0,32
22:37:06,93,2317,4079,295,0,0,0,0,32
22:37:11,92,2316,3164,285,0,0,0,0,32
22:37:16,92,2319,3467,283,0,0,0,0,32
22:37:21,93,2319,3601,294,0,2046,0,0,32
22:37:26,91,2317,3579,292,0,0,0,0,32
22:37:31,93,2317,3385,295,0,0,0,0,32
22:37:36,93,2317,3241,286,0,0,0,0,32
22:37:41,94,2318,3342,281,0,1860,0,0,32
22:37:46,95,2320,3305,274,0,2790,0,0,32
22:37:51,97,2321,3219,293,0,4061,0,0,32
22:37:57,97,2321,3135,275,0,2046,0,0,32
22:38:02,96,2321,3109,264,0,0,0,0,32
22:38:07,98,2319,3308,275,0,0,0,0,32
22:38:12,96,2318,3671,300,0,2046,0,0,32
22:38:17,97,2320,3212,260,0,0,0,0,32
22:38:22,96,2320,3570,286,0,0,0,0,32
22:38:27,98,2317,3514,279,0,0,0,0,32
22:38:32,96,2320,3411,275,0,3875,0,0,32
22:38:37,99,2318,2932,249,0,0,0,0,32
22:38:42,98,2316,2934,262,0,0,0,0,32
22:38:47,98,2318,2835,248,0,0,0,0,32
22:38:52,98,2318,2742,259,0,0,0,0,32
22:38:57,98,2318,2984,257,0,0,0,0,32
22:39:02,99,2318,3079,288,0,0,0,0,32
22:39:07,97,2316,3018,269,0,0,0,0,32
22:39:12,99,2316,2837,273,0,0,0,0,32
22:39:17,98,2316,2806,249,0,0,0,0,32
22:39:22,97,2317,2911,250,0,2077,0,0,32
22:39:27,98,2316,2130,219,0,0,0,0,32
22:39:32,97,2316,2350,233,0,2201,0,0,32
22:39:37,95,2318,2843,237,0,0,0,0,32
22:39:42,98,2320,2894,252,0,0,0,0,32
22:39:47,97,2319,2330,210,0,0,0,0,32
22:39:52,97,2320,2676,234,0,0,0,0,32
22:39:57,99,2318,2434,217,0,0,0,0,32
22:40:02,99,2317,2634,228,0,0,0,0,32
22:40:07,99,2317,2415,219,0,0,0,0,32
22:40:12,98,2318,3248,242,0,0,0,0,32
22:40:18,100,2318,2913,224,0,0,0,0,32
22:40:23,103,2318,2463,225,0,0,0,0,32
22:40:28,101,2316,2781,240,0,0,0,0,32
22:40:33,100,2320,3634,259,0,14756,0,0,32
22:40:38,95,2323,5501,297,0,0,0,0,32
22:40:43,96,2328,4503,274,0,0,0,0,32
22:40:48,100,2327,2740,236,0,0,0,0,32
22:40:53,98,2326,3205,262,0,0,0,0,32
22:40:58,98,2326,2901,252,0,2046,0,0,32
22:41:03,99,2325,3072,284,0,0,0,0,32
22:41:08,98,2327,3528,295,0,0,0,0,32
22:41:13,98,2326,3341,296,0,0,0,0,32
22:41:18,98,2324,3323,282,0,0,0,0,32
22:41:23,97,2325,3072,260,0,0,0,0,32
22:41:28,97,2327,3287,265,0,0,0,0,32
22:41:33,97,2323,3155,261,0,2046,0,0,32
22:41:38,98,2323,2967,270,0,0,0,0,32
22:41:43,97,2323,2755,256,0,2945,0,0,32
22:41:48,95,2326,3113,267,0,0,0,0,32
22:41:53,94,2330,3918,290,0,0,0,0,32
22:41:58,94,2333,2740,251,0,0,0,0,32
22:42:03,96,2331,3131,281,0,0,0,0,32
22:42:08,94,2332,3825,298,0,0,0,0,32
22:42:13,96,2331,2850,262,0,0,0,0,32
22:42:18,96,2331,2987,260,0,0,0,0,32
22:42:23,95,2329,3444,262,0,0,0,0,32
22:42:28,96,2329,3279,276,0,2077,0,0,32
22:42:33,97,2328,3240,265,0,0,0,0,32
22:42:38,97,2328,3777,289,0,0,0,0,32
22:42:44,96,2326,3033,258,0,0,0,0,32
22:42:49,96,2327,2960,256,0,0,0,0,32
22:42:54,96,2324,3081,255,0,0,0,0,32
22:42:59,95,2326,3539,255,0,0,0,0,32
22:43:04,97,2323,4105,283,0,2015,0,0,32
22:43:09,97,2324,3813,287,0,4123,0,0,32
22:43:14,95,2322,3945,278,0,2077,0,0,32
22:43:19,98,2322,3496,262,0,0,0,0,32
22:43:24,96,2322,4227,312,0,0,0,0,32
22:43:29,97,2321,3366,293,0,0,0,0,32
22:43:34,98,2322,3000,273,0,2883,0,0,32
22:43:39,99,2320,2930,281,0,0,0,0,32
22:43:44,99,2320,2794,251,0,0,0,0,32
22:43:49,98,2319,2943,256,0,0,0,0,32
22:43:54,98,2322,2961,272,0,0,0,0,32
22:43:59,97,2321,3261,287,0,2046,0,0,32
22:44:04,98,2320,2556,253,0,0,0,0,32
22:44:09,97,2319,2977,279,0,0,0,0,32
22:44:14,97,2320,2733,267,0,0,0,0,32
22:44:19,98,2318,3211,274,0,0,0,0,32
22:44:24,96,2319,3318,274,0,0,0,0,32
22:44:29,96,2319,3135,249,0,0,0,0,32
22:44:34,97,2319,3210,276,0,0,0,0,32
22:44:39,97,2317,3055,270,0,0,0,0,32
22:44:44,98,2318,3317,271,0,0,0,0,32
22:44:49,98,2318,3501,263,0,2046,0,0,32
22:44:54,98,2317,3852,294,0,0,0,0,32
22:44:59,99,2318,3289,264,0,0,0,0,32
22:45:04,99,2318,2738,247,0,0,0,0,32
22:45:09,98,2318,3077,258,0,0,0,0,32
22:45:15,99,2318,3336,281,0,0,0,0,32
22:45:20,99,2318,3170,257,0,0,0,0,32
22:45:25,99,2319,2849,267,0,0,0,0,32
22:45:30,98,2319,3487,284,0,0,0,0,32
22:45:35,98,2320,3387,298,0,2883,0,0,32
22:45:40,96,2320,2886,261,0,0,0,0,32
22:45:45,95,2319,3147,263,0,0,0,0,32
22:45:50,97,2319,3248,243,0,0,0,0,32
22:45:55,98,2316,2937,286,0,0,0,0,32
22:46:00,98,2318,3503,260,0,0,0,0,32
22:46:05,96,2317,3309,299,0,0,0,0,32
22:46:10,97,2317,3336,298,0,0,0,0,32
22:46:15,97,2314,3442,311,0,4061,0,0,32
22:46:20,97,2316,2782,259,0,0,0,0,32
22:46:25,97,2315,3724,313,0,0,0,0,32
22:46:30,96,2314,3769,299,0,0,0,0,32
22:46:35,97,2315,3412,283,0,0,0,0,32
22:46:40,97,2315,3323,287,0,2130,0,0,32
22:46:45,96,2314,3219,282,0,0,0,0,32
22:46:50,96,2312,3187,269,0,0,0,0,32
22:46:55,97,2312,2908,268,0,0,0,0,32
22:47:00,97,2313,3036,241,0,0,0,0,32
22:47:05,98,2313,3391,271,0,0,0,0,32
22:47:10,98,2311,3198,276,0,0,0,0,32
22:47:15,98,2311,3249,277,0,0,0,0,32
22:47:20,97,2313,2897,253,0,0,0,0,32
22:47:25,97,2314,2994,269,0,0,0,0,32
22:47:30,96,2312,2803,241,0,0,0,0,32
22:47:35,97,2313,2796,269,0,0,0,0,32
22:47:40,96,2314,2629,267,0,0,0,0,32
22:47:46,96,2314,2512,256,0,2077,0,0,32
22:47:51,98,2312,2849,249,0,0,0,0,32
22:47:56,98,2312,2694,267,0,0,0,0,32
22:48:01,98,2311,2953,253,0,2046,0,0,32
22:48:06,99,2312,2651,257,0,0,0,0,32
22:48:11,100,2311,2526,255,0,2077,0,0,32
22:48:16,96,2311,2946,267,0,4991,0,0,32
22:48:21,99,2312,2573,251,0,0,0,0,32
22:48:26,98,2311,2738,251,0,0,0,0,32
22:48:31,99,2312,2234,232,0,2046,0,0,32
22:48:36,97,2312,2753,267,0,0,0,0,32
22:48:41,96,2312,3253,282,0,4123,0,0,32
22:48:46,96,2313,3016,263,0,0,0,0,32
22:48:51,94,2314,3369,276,0,0,0,0,32
22:48:56,94,2311,2847,253,0,0,0,0,32
22:49:01,95,2311,3347,283,0,0,0,0,32
22:49:06,97,2311,3518,263,0,0,0,0,32
22:49:11,97,2316,3310,274,0,0,0,0,32
22:49:16,88,2321,5653,329,0,0,0,0,32
22:49:21,91,2318,4748,341,0,0,0,0,32
22:49:26,91,2321,3966,315,0,0,0,0,32
22:49:31,90,2322,5117,342,0,0,0,0,32
22:49:36,88,2320,5709,367,0,0,0,0,32
22:49:41,86,2320,7299,433,0,0,0,0,32
22:49:46,87,2320,7414,403,0,145,0,0,32
22:49:51,85,2321,7479,430,0,0,0,0,32
22:49:56,85,2320,7946,422,0,0,0,0,32
22:50:01,83,2321,8960,450,0,2077,0,0,32
22:50:06,80,2324,10209,433,2666,0,0,0,32
22:50:11,83,2325,8485,370,0,0,0,0,32
22:50:17,87,2321,5654,342,0,0,0,0,32
22:50:22,88,2321,5072,348,0,0,0,0,32
22:50:27,84,2323,7223,392,0,2046,0,0,32
22:50:32,81,2325,7255,357,0,0,0,0,32
22:50:37,80,2322,7129,319,0,0,0,0,32
22:50:42,87,2322,4381,305,0,5084,0,0,32
22:50:47,90,2323,3324,271,0,2945,0,0,32
22:50:52,90,2322,3952,317,0,0,0,0,32
22:50:57,89,2325,4423,313,0,2046,0,0,32
22:51:02,90,2323,4189,332,0,248,0,0,32
22:51:07,89,2324,4104,316,0,0,0,0,32
22:51:12,89,2324,4053,322,0,0,0,0,32
22:51:17,88,2324,5287,359,0,0,0,0,32
22:51:22,87,2323,7194,407,0,0,0,0,32
22:51:27,81,2325,9685,444,0,0,0,0,32
22:51:32,83,2327,9121,425,0,0,0,0,32
22:51:37,86,2326,6801,410,0,0,0,0,32
22:51:42,88,2326,4789,340,0,0,0,0,32
22:51:47,90,2328,5516,368,0,0,0,0,32
22:51:52,93,2328,5054,334,0,2015,0,0,32
22:51:57,92,2328,3730,294,0,0,0,0,32
22:52:02,86,2328,4010,310,0,0,0,0,32
22:52:07,90,2327,3661,292,0,2046,0,0,32
22:52:12,90,2327,4281,325,0,0,0,0,32
22:52:17,89,2329,3923,314,0,0,0,0,32
22:52:22,90,2329,4381,333,0,0,0,0,32
22:52:28,90,2327,3984,311,0,1705,0,0,32
22:52:33,87,2329,4141,321,0,1705,0,0,32
22:52:38,91,2332,4256,323,0,0,0,0,32
22:52:43,88,2332,3944,328,0,0,0,0,32
22:52:48,89,2331,4305,298,0,0,0,0,32
22:52:53,89,2331,4334,315,0,4898,0,0,32
22:52:58,90,2331,4049,298,0,0,0,0,32
22:53:03,90,2331,3975,307,0,0,0,0,32
22:53:08,89,2332,4005,297,0,0,0,0,32
22:53:13,90,2333,3685,277,0,0,0,0,32
22:53:18,89,2333,3714,281,0,248,0,0,32
22:53:23,89,2331,3505,286,0,0,0,0,32
22:53:28,90,2333,3502,279,0,2046,0,0,32
22:53:33,89,2330,3299,262,0,0,0,0,32
22:53:38,90,2331,3710,289,0,0,0,0,32
22:53:43,91,2329,3866,298,0,0,0,0,32
22:53:48,90,2331,3647,287,0,0,0,0,32
22:53:53,89,2330,3691,278,0,0,0,0,32
22:53:58,92,2328,3342,276,0,0,0,0,32
22:54:03,91,2330,3532,286,0,0,0,0,32
22:54:08,92,2328,3188,281,0,0,0,0,32
22:54:13,92,2329,3660,286,0,2945,0,0,32
22:54:18,88,2329,4213,307,0,0,0,0,32
22:54:23,91,2327,3986,296,0,0,0,0,32
22:54:28,92,2330,3874,295,0,0,0,0,32
22:54:33,92,2329,3786,302,0,2759,0,0,32
22:54:38,92,2327,4305,317,0,3131,0,0,32
22:54:43,91,2329,4331,328,0,0,0,0,32
22:54:48,91,2331,4923,347,0,2759,0,0,32
22:54:53,91,2330,4131,319,0,0,0,0,32
22:54:58,87,2331,5141,336,0,0,0,0,32
22:55:03,86,2330,5274,368,0,1860,0,0,32
22:55:08,86,2330,5127,331,0,0,0,0,32
22:55:13,86,2331,6198,391,0,1705,0,0,32
22:55:18,87,2334,4272,328,0,0,0,0,32
22:55:23,87,2331,4183,343,0,0,0,0,32
22:55:28,85,2333,4685,332,0,122,0,0,32
22:55:34,83,2334,6230,359,0,372,0,0,32
22:55:39,82,2329,9381,310,0,0,0,0,32
22:55:44,87,2329,4362,318,0,0,0,0,32
22:55:49,89,2330,3791,287,0,0,0,0,32
22:55:54,87,2332,4241,329,0,1736,0,0,32
22:55:59,87,2331,4202,323,0,0,0,0,32
22:56:04,89,2332,4269,327,0,0,0,0,32
22:56:09,89,2331,3766,303,0,0,0,0,32
22:56:14,87,2333,4189,327,0,2046,0,0,32
22:56:19,85,2333,4944,325,0,2077,0,0,32
22:56:24,87,2335,3676,297,0,0,0,0,32
22:56:29,88,2334,3439,276,0,0,0,0,32
22:56:34,89,2335,3673,279,0,0,0,0,32
22:56:39,86,2336,5864,371,0,0,0,0,32
22:56:44,86,2335,4824,345,0,806,0,0,32
22:56:49,84,2336,5697,387,0,2356,0,0,32
22:56:54,84,2337,5876,404,0,2139,0,0,32
22:56:59,83,2337,5597,410,0,2046,0,0,32
22:57:04,86,2336,5587,404,1829,496,0,0,32
22:57:09,86,2337,5371,361,0,2046,0,0,32
22:57:14,86,2336,4899,341,0,2015,0,0,32
22:57:19,88,2336,4649,333,0,0,0,0,32
22:57:24,88,2338,3971,321,0,2015,0,0,32
22:57:29,86,2339,4568,317,0,0,0,0,32
22:57:34,84,2340,4620,324,0,0,0,0,32
22:57:39,85,2340,3982,302,0,2046,0,0,32
22:57:44,86,2341,4403,331,0,0,0,0,32
22:57:49,85,2343,4915,361,0,0,0,0,32
22:57:54,82,2345,6933,481,0,0,0,0,32
22:57:59,82,2345,7250,487,0,2046,0,0,32
22:58:04,82,2345,6794,466,0,0,0,0,32
22:58:09,84,2342,7112,458,0,0,0,0,32
22:58:14,81,2342,5373,392,0,0,0,0,32
22:58:20,81,2342,5019,341,0,2046,0,0,32
22:58:25,82,2343,3857,303,0,0,0,0,32
22:58:30,79,2345,3607,319,0,2046,0,0,32
22:58:35,81,2343,3503,314,0,0,0,0,32
22:58:40,78,2345,3776,329,0,0,0,0,32
22:58:45,79,2345,4357,354,0,113,0,0,32
22:58:50,83,2346,4983,348,0,0,0,0,32
22:58:55,87,2344,4466,335,0,1705,0,0,32
22:59:00,88,2344,5019,367,0,0,0,0,32
22:59:05,88,2344,4098,346,0,2015,0,0,32
22:59:10,88,2345,4169,348,0,11,0,0,32
22:59:15,87,2346,4310,348,0,0,0,0,32
22:59:20,88,2346,3685,322,0,0,0,0,32
22:59:25,89,2348,3541,311,0,0,0,0,32
22:59:30,88,2347,3790,315,0,2179,0,0,32
22:59:35,86,2346,4753,358,0,0,0,0,32
22:59:40,87,2346,3403,321,0,0,0,0,32
22:59:45,86,2347,3550,324,0,0,0,0,32
22:59:50,87,2347,3771,303,0,0,0,0,32
22:59:55,87,2348,3136,295,0,279,0,0,32
23:00:00,86,2349,4560,318,0,0,0,0,32
23:00:05,87,2349,3386,286,0,0,0,0,32
23:00:10,87,2350,3576,285,0,0,0,0,32
23:00:15,88,2348,3396,294,0,0,0,0,32
23:00:20,89,2349,2999,280,0,0,0,0,32
23:00:25,89,2351,3194,268,0,0,0,0,32
23:00:30,89,2351,3405,277,0,0,0,0,32
23:00:35,88,2347,3571,263,0,0,0,0,32
23:00:40,90,2347,3643,298,0,0,0,0,32
23:00:45,90,2347,3711,308,0,11,0,0,32
23:00:51,91,2348,3340,298,0,0,0,0,32
23:00:56,91,2349,3007,285,0,0,0,0,32
23:01:01,92,2348,2914,290,0,0,0,0,32
23:01:06,92,2350,2631,281,0,0,0,0,32
23:01:11,91,2348,2969,276,0,0,0,0,32
23:01:16,91,2348,2888,292,0,2046,0,0,32
23:01:21,90,2349,3326,317,0,19,0,0,32
23:01:26,90,2349,3685,328,0,0,0,0,32
23:01:31,90,2350,3338,314,0,0,0,0,32
23:01:36,91,2351,3342,318,0,0,0,0,32
23:01:41,91,2352,3198,295,0,341,0,0,32
23:01:46,91,2351,3050,302,0,0,0,0,32
23:01:51,91,2351,3298,293,0,0,0,0,32
23:01:56,92,2351,2963,302,0,0,0,0,32
23:02:01,91,2352,3120,336,0,0,0,0,32
23:02:06,92,2354,3051,314,0,0,0,0,32
23:02:11,92,2354,2863,283,0,0,0,0,32
23:02:16,91,2354,2811,269,0,0,0,0,32
23:02:21,91,2347,2974,270,0,0,0,0,32
23:02:26,92,2350,3004,284,0,0,0,0,32
23:02:31,92,2349,4091,293,0,0,0,0,32
23:02:36,93,2347,3959,278,0,0,0,0,32
23:02:41,94,2346,7624,264,0,0,0,0,32
23:02:46,94,2344,3931,279,0,0,0,0,32
23:02:51,93,2345,4308,288,0,0,0,0,32
23:02:56,95,2344,4564,286,0,0,0,0,32
23:03:01,94,2345,4848,320,0,2046,0,0,32
23:03:06,97,2345,4250,292,0,0,0,0,32
23:03:11,96,2344,4116,281,0,2046,0,0,32
23:03:16,95,2346,4666,281,0,0,0,0,32
23:03:21,96,2343,3760,266,0,211,0,0,32
23:03:27,96,2346,3332,263,0,4464,0,0,32
23:03:32,96,2346,4015,255,0,0,0,0,32
23:03:37,96,2346,3766,258,0,0,0,0,32
23:03:42,96,2347,3358,239,0,0,0,0,32
23:03:47,96,2345,2798,232,0,0,0,0,32
23:03:52,96,2346,2747,223,0,0,0,0,32
23:03:57,95,2346,3179,242,0,2077,0,0,32
23:04:02,95,2348,2856,227,0,0,0,0,32
23:04:07,94,2346,2787,226,0,0,0,0,32
23:04:12,95,2348,2377,204,0,0,0,0,32
23:04:17,96,2347,2710,214,0,0,0,0,32
23:04:22,97,2347,2647,202,0,0,0,0,32
23:04:27,96,2348,2172,193,0,0,0,0,32
23:04:32,97,2347,2075,178,0,0,0,0,32
23:04:37,98,2347,1795,181,0,0,0,0,32
23:04:42,95,2348,2626,206,0,0,0,0,32
23:04:47,96,2350,2282,197,0,0,0,0,32
23:04:52,96,2350,1839,185,0,0,0,0,32
23:04:57,97,2350,1658,171,0,0,0,0,32
23:05:02,96,2348,2584,213,0,0,0,0,32
23:05:07,92,2351,6268,310,0,4061,0,0,32
23:05:12,94,2350,4538,295,0,0,0,0,32
23:05:17,86,2355,6868,372,0,0,0,0,32
23:05:22,95,2350,3420,239,0,0,0,0,32
23:05:27,93,2338,5250,245,0,1584,0,0,28
23:05:32,101,2325,3341,194,0,184,0,0,24
23:05:37,94,2305,4639,151,0,0,0,0,18
23:05:42,116,2276,2781,73,0,0,0,0,9
23:05:47,152,2266,2180,21,0,0,0,0,6
23:05:52,165,2264,2349,18,0,0,0,0,3
23:05:57,118,2264,3373,6,0,0,0,0,3
23:06:02,157,2265,73,29,0,0,0,0,3
23:06:08,157,2264,53,10,0,0,0,0,3
23:06:13,156,2264,42,12,0,0,0,0,3
23:06:18,159,2263,46,14,0,0,0,0,3
23:06:23,157,2259,75,17,0,0,0,0,3
23:06:28,161,2259,103,8,0,0,0,0,3
23:06:33,163,2260,24,8,0,0,0,0,2
23:06:38,151,2259,21,8,0,0,0,0,2
23:06:43,165,2261,28,8,0,0,0,0,2
23:06:48,170,2261,31,8,0,0,0,0,2
23:06:53,171,2259,28,8,0,0,0,0,2
23:06:58,168,2259,30,8,0,0,0,0,2
23:07:03,172,2259,26,8,0,0,0,0,2
23:07:08,174,2258,32,8,0,0,0,0,2
23:07:13,172,2259,28,8,0,0,0,0,2
23:07:18,175,2257,25,8,0,0,0,0,2
23:07:23,181,2259,27,8,0,0,0,0,2
23:07:28,181,2257,29,8,0,0,0,0,2
23:07:33,182,2257,22,9,0,0,0,0,2
23:07:38,178,2259,37,8,0,0,0,0,2
23:07:43,182,2259,71,8,0,0,0,0,2
23:07:48,179,2257,35,9,0,0,0,0,2
23:07:53,180,2259,49,8,0,0,0,0,2
23:07:58,182,2259,29,8,0,0,0,0,2
23:08:03,178,2259,21,8,0,0,0,0,2
23:08:08,182,2259,38,8,0,0,0,0,2
23:08:13,180,2259,32,8,0,0,0,0,2
23:08:18,183,2259,23,10,0,0,0,0,2
23:08:23,185,2258,27,9,0,0,0,0,2
23:08:28,179,2258,37,9,0,0,0,0,2
23:08:34,179,2259,31,8,0,0,0,0,2
23:08:39,178,2258,30,9,0,0,0,0,2
23:08:44,179,2257,21,9,0,0,0,0,2
23:08:49,181,2259,30,8,0,0,0,0,2
23:08:54,184,2259,71,9,0,0,0,0,2
23:08:59,183,2259,25,9,0,0,0,0,2
23:09:04,184,2259,28,10,0,0,0,0,2
23:09:09,183,2259,33,9,0,0,0,0,2
23:09:14,181,2257,52,9,0,0,0,0,2
23:09:19,179,2257,23,8,0,0,0,0,2
23:09:24,183,2258,29,8,0,0,0,0,2
23:09:29,180,2259,44,8,0,0,0,0,2
23:09:34,180,2258,43,8,0,0,0,0,2
23:09:39,175,2259,42,8,0,0,0,0,2
23:09:44,182,2257,29,8,0,0,0,0,2
23:09:49,186,2257,48,8,0,0,0,0,2
23:09:54,181,2258,23,8,0,0,0,0,2
23:09:59,183,2259,34,8,0,0,0,0,2
23:10:04,180,2258,39,8,0,0,0,0,2
23:10:09,181,2259,82,8,0,0,0,0,2
23:10:14,184,2257,24,9,0,0,0,0,2
23:10:19,185,2259,44,9,0,0,0,0,2
23:10:24,184,2258,34,9,0,0,0,0,2
23:10:29,182,2257,51,8,0,0,0,0,2
23:10:34,181,2259,32,9,0,0,0,0,2
23:10:39,183,2258,30,10,0,0,0,0,2
23:10:44,183,2257,40,9,0,0,0,0,2
23:10:49,180,2259,38,9,0,0,0,0,2
23:10:54,183,2259,33,9,0,0,0,0,2
23:10:59,181,2259,31,9,0,0,0,0,2
23:11:05,182,2257,23,9,0,0,0,0,2
23:11:10,183,2257,31,8,0,0,0,0,2
23:11:15,178,2259,22,9,0,0,0,0,2
23:11:20,183,2259,75,9,0,0,0,0,2
23:11:25,184,2258,32,9,0,0,0,0,2
23:11:30,183,2259,38,9,0,0,0,0,2
23:11:35,184,2259,30,9,0,0,0,0,2
23:11:40,176,2257,33,9,0,0,0,0,2
23:11:45,182,2259,28,9,0,0,0,0,2
23:11:50,181,2257,32,9,0,0,0,0,2
23:11:55,178,2259,36,8,0,0,0,0,2
23:12:00,185,2259,31,9,0,0,0,0,2
23:12:05,186,2259,21,9,0,0,0,0,2
23:12:10,181,2259,35,9,0,0,0,0,2
23:12:15,180,2259,31,9,0,0,0,0,2
23:12:20,184,2257,30,9,0,0,0,0,2
23:12:25,187,2259,26,9,0,0,0,0,2
23:12:30,182,2259,42,9,0,0,0,0,2
23:12:35,186,2257,67,8,0,0,0,0,2
23:12:40,183,2257,28,9,0,0,0,0,2
23:12:45,184,2259,29,9,0,0,0,0,2
23:12:50,179,2258,37,8,0,0,0,0,2
23:12:55,172,2257,31,10,0,0,0,0,2
23:13:00,182,2257,28,8,0,0,0,0,2
23:13:05,182,2259,37,8,0,0,0,0,2
23:13:10,182,2256,36,8,0,0,0,0,1
23:13:15,176,2258,26,8,0,0,0,0,1
23:13:20,188,2259,36,8,0,0,0,0,1
23:13:25,185,2257,27,8,0,0,0,0,1
23:13:31,192,2256,31,8,0,0,0,0,1
23:13:36,188,2257,22,8,0,0,0,0,1
23:13:41,183,2257,25,9,0,0,0,0,1
23:13:46,185,2257,38,8,0,0,0,0,1
23:13:51,174,2257,75,8,0,0,0,0,1
23:13:56,181,2257,26,9,0,0,0,0,1
23:14:01,175,2256,31,8,0,0,0,0,1
23:14:06,172,2256,41,8,0,0,0,0,1
23:14:11,165,2256,35,9,0,0,0,0,1
23:14:16,175,2258,24,8,0,0,0,0,1
23:14:21,184,2258,31,9,0,0,0,0,1
23:14:26,181,2258,24,9,0,0,0,0,1
23:14:31,175,2256,36,9,0,0,0,0,1
23:14:36,177,2256,34,9,0,0,0,0,1
23:14:41,173,2258,28,9,0,0,0,0,1
23:14:46,165,2256,35,9,0,0,0,0,1
23:14:51,179,2256,28,9,0,0,0,0,1
23:14:56,178,2258,35,9,0,0,0,0,1
23:15:01,183,2257,69,3,0,0,0,0,1